acak_no,name,category,label,tipe_nomor,phone_raw,address,rating,review_count,lat,lng,gmaps
1,DENTISTIQUE DENTAL SPECIALIST,Dokter Gigi,dental,WA (08xx),0811-9286-161,"12, Jl. Kolonel Sugiono No.39, RT.12/RW.9, Pd. Bambu, Kec. Duren Sawit, Kota Jakarta Timur, Daerah Khusus Ibukota Jakarta 13430",4.9,374,-6.2294,106.9064,https://www.google.com/maps/search/?api=1&query=DENTISTIQUE+DENTAL+SPECIALIST&query_place_id=ChIJny-Njo_zaS4R0yr5S_I6yfE
2,RS PKU Muhammadiyah Blora,Rumah Sakit,"",landline,(0296) 532257,"Jalan Raya Jepon, Palkembar, Seso, Kec. Jepon, Kabupaten Blora, Jawa Tengah 58261",4.0,338,-6.9710,111.4503,https://www.google.com/maps/search/?api=1&query=RS+PKU+Muhammadiyah+Blora&query_place_id=ChIJrQ7DmbVBdy4Rh6JNktX1kf0
3,Klinik Dr. Lukmono,Klinik Medis,"",tanpa nomor,"","X8V7+MJ2 Klinik Dr. Lukmono, Warudoyong, Ngawen, Blora Regency, Central Java 58254",4.7,6,-7.0059,111.3140,https://www.google.com/maps/search/?api=1&query=Klinik+Dr.+Lukmono&query_place_id=ChIJgd6rBHJGdy4R1TEoWyO2upU
4,Jn Beauty House Cabang Ngawen,Klinik Perawatan Kulit,aesthetic,WA (08xx),0812-7327-341,"Jl. Raya Purwodadi - Blora No.km 304, Punggursugih, Kec. Ngawen, Kabupaten Blora, Jawa Tengah 58254",4.6,5,-7.0128,111.3111,https://www.google.com/maps/search/?api=1&query=Jn+Beauty+House+Cabang+Ngawen&query_place_id=ChIJ8YbD4PlHdy4R0JYQ5I7T3nc
5,Homecare Mbk uut,Klinik Medis,"",tanpa nomor,"","X6P4+3PC Homecare Mbk uut, Jl. Komplek Bendung, Kedungsambi, Kedungwaru, Kec. Kunduran, Kabupaten Blora, Jawa Tengah 58255",5.0,1,-7.0142,111.2071,https://www.google.com/maps/search/?api=1&query=Homecare+Mbk+uut&query_place_id=ChIJy50xFgBJdy4RqUmVNNN3gWA
6,Klinik dr Sofwati Sp.OG,Klinik Medis,"",tanpa nomor,"","2CPF+M7H Klinik dr Sofwati Sp.OG, Ketanggar, Karangjati, Blora, Blora Regency, Central Java 58219",5.0,3,-6.9726,111.4101,https://www.google.com/maps/search/?api=1&query=Klinik+dr+Sofwati+Sp.OG&query_place_id=ChIJvccmeABBdy4R61DLGlVin18
7,dr. Nur Muhammad Putra,Dokter Umum,"",landline,(0296) 423669,"Jl. RSU No.101, Bulansawahan, Balun, Kec. Cepu, Kabupaten Blora, Jawa Tengah 58112",3.9,22,-7.1525,111.5841,https://www.google.com/maps/search/?api=1&query=dr.+Nur+Muhammad+Putra&query_place_id=ChIJoQOA5j9kdy4ROUJQkl-D_vw
8,KLINIK P. SUPALAL,Klinik Kesehatan,"",tanpa nomor,"","P7C2+QGH KLINIK P. SUPALAL, Pentuk, Bangkleyan, Kec. Jati, Kabupaten Blora, Jawa Tengah 58384",0.0,0,-7.2776,111.2513,https://www.google.com/maps/search/?api=1&query=KLINIK+P.+SUPALAL&query_place_id=ChIJycI7eQD9eS4RKEFo4swYuq0
9,Klinik PPSDM,Klinik Gratis,"",WA (08xx),0811-2643-940,"VJ52+H6P Klinik PPSDM, Kampungbaru, Karangboyo, Kec. Cepu, Kabupaten Blora, Jawa Tengah 58315",4.6,9,-7.1410,111.6006,https://www.google.com/maps/search/?api=1&query=Klinik+PPSDM&query_place_id=ChIJdRa2K0Jkdy4RkVrRhs0S1a0
10,Praktek Dokter Umum dan Dokter Gigi dr Fariz dan drg. Ayu,Dokter Umum,dental,WA (08xx),0851-7172-7693,"RT.3/RW.3, Kedungsambi, Temulus, Kec. Randublatung, Kabupaten Blora, Jawa Tengah 58382",4.9,98,-7.2305,111.4154,https://www.google.com/maps/search/?api=1&query=Praktek+Dokter+Umum+dan+Dokter+Gigi+dr+Fariz+dan+drg.+Ayu&query_place_id=ChIJW_XFGvpfdy4RYAlvcvapgbE
11,Dr Dharma Budi Patriadi Sp.A,Dokter Anak,"",tanpa nomor,"","Jl. Mutiara III No.29, Ngelo, Kec. Cepu, Kabupaten Blora, Jawa Tengah 58313",4.1,17,-7.1389,111.6035,https://www.google.com/maps/search/?api=1&query=Dr+Dharma+Budi+Patriadi+Sp.A&query_place_id=ChIJISzPbQBldy4Rx9SUufKgVnY
12,Praktek mandiri,Layanan perawatan gawat darurat,"",tanpa nomor,"","R822+C36 Praktek mandiri, Banyuurip, Jati, Kec. Jati, Kabupaten Blora, Jawa Tengah 58384",5.0,1,-7.1990,111.3002,https://www.google.com/maps/search/?api=1&query=Praktek+mandiri&query_place_id=ChIJX4OCGwBZdy4RdkWCR0YrAsQ
13,RSIA NU Cakra Medika Cepu,Rumah Sakit Bersalin,"",landline,(0296) 4271234,"Jl. Gajah Mada No.11A, Sidomulyo, Turibang, Kec. Cepu, Kabupaten Blora, Jawa Tengah 58112",4.7,284,-7.1377,111.5934,https://www.google.com/maps/search/?api=1&query=RSIA+NU+Cakra+Medika+Cepu&query_place_id=ChIJ77Cpgbdldy4RRHN_Gx1rmXs
14,PKD Desa Dologan,Klinik Kesehatan,"",tanpa nomor,"","3775+PF5 PKD Desa Dologan, Blau, Dologan, Kec. Japah, Kabupaten Blora, Jawa Tengah 58256",0.0,0,-6.9354,111.2585,https://www.google.com/maps/search/?api=1&query=PKD+Desa+Dologan&query_place_id=ChIJ2dEtNAA3dy4RrMD6LmOmQPw
15,Dr.Jamil,Dokter,"",tanpa nomor,"","W6WP+VWF Dr.Jamil, Kunduran, Blora Regency, Central Java 58255",5.0,4,-7.0528,111.2373,https://www.google.com/maps/search/?api=1&query=Dr.Jamil&query_place_id=ChIJSfTdcwJPdy4RQK7Msj6jjcM
16,Praktek Dr.Lucia -skin Care & Akupunktur,Dokter,aesthetic,landline,(0296) 531046,"Jl. Pemuda No.63, Blora, Tempelan, Kec. Blora, Kabupaten Blora, Jawa Tengah 58215",4.6,5,-6.9703,111.4216,https://www.google.com/maps/search/?api=1&query=Praktek+Dr.Lucia+-skin+Care+&+Akupunktur&query_place_id=ChIJfSgnHAJBdy4RAJlUlL1kCE8
17,TERAPIS GIGI DAN MULUT MAWAR,Klinik Gigi,dental,WA (08xx),0813-1784-4418,"Jl. Mawar No.13, Mlangsen, Kec. Blora, Kabupaten Blora, Jawa Tengah 58215",5.0,18,-6.9720,111.4147,https://www.google.com/maps/search/?api=1&query=TERAPIS+GIGI+DAN+MULUT+MAWAR&query_place_id=ChIJAY1cCABBdy4R7xdx9C8fjoM
18,Apotek Medika Farma Dan Praktek Dokter gigi,Apotek,dental,WA (08xx),0811-2564-260,"Jl. Rajawali No.3, Blora, Tempelan, Kec. Blora, Kabupaten Blora, Jawa Tengah 58218",4.1,20,-6.9693,111.4246,https://www.google.com/maps/search/?api=1&query=Apotek+Medika+Farma+Dan+Praktek+Dokter+gigi&query_place_id=ChIJU1PEEB1Bdy4RA9EO62iYBgI
19,Klinik Pratama AL HIKMAH,Dokter Kandungan,"",tanpa nomor,"","Jl. Raya Jatirogo No.184, Bogorejo, Kec. Bogorejo, Kabupaten Blora, Jawa Tengah 58262",5.0,4,-6.9413,111.5206,https://www.google.com/maps/search/?api=1&query=Klinik+Pratama+AL+HIKMAH&query_place_id=ChIJt5DLLo1rdy4R8vbOSS8I6qk
20,Poliklinik Kesehatan Desa (PKD) Nglebak,Klinik Kesehatan,"",tanpa nomor,"","MC5G+JR2 Poliklinik Kesehatan Desa (PKD) Nglebak, Kalikangkung, Nglebak, Kacamatan Sub-District, Kabupaten Blora, Jawa Tengah 58383",5.0,2,-7.3410,111.4270,https://www.google.com/maps/search/?api=1&query=Poliklinik+Kesehatan+Desa+(PKD)+Nglebak&query_place_id=ChIJX9uUPwDneS4Rfey8adG2VNc
21,RSIA Sayyidah,Rumah Sakit Umum,"",landline,(021) 86902950,"Jl. Taman Malaka Selatan No.6, RT.8/RW.6, Pd. Klp., Kec. Duren Sawit, Kota Jakarta Timur, Daerah Khusus Ibukota Jakarta 13450",4.2,419,-6.2307,106.9255,https://www.google.com/maps/search/?api=1&query=RSIA+Sayyidah&query_place_id=ChIJt1Gf67mMaS4RXmoYUe2TIMk
22,Klinik pengobatan shin she,Praktisi Pengobatan Alternatif,"",WA (08xx),0812-2713-4999,"Jl.Raya, Dukuhan, Doplang, Kec. Jati, Kabupaten Blora, Jawa Tengah 58384",5.0,1,-7.1851,111.2861,https://www.google.com/maps/search/?api=1&query=Klinik+pengobatan+shin+she&query_place_id=ChIJeWbdC3VPdy4RVysQYqyImfc
23,Praktek Bdn Niken Rahmawati,Klinik Kesehatan,"",WA (08xx),0821-4156-21580,"Q9WR+X5R Praktek Bdn Niken Rahmawati, Gang Dolaran, RT.002/RW.001, Randublatung, Kec. Randublatung, Kabupaten Blora, Jawa Tengah 58382",5.0,1,-7.2025,111.3904,https://www.google.com/maps/search/?api=1&query=Praktek+Bdn+Niken+Rahmawati&query_place_id=ChIJ7YQun39fdy4RQxl4wkZTnaw
24,Naavagreen Cepu,Klinik Perawatan Kulit,aesthetic,WA (08xx),0858-6522-5595,"Jl. Diponegoro, Dusun Dengok, Dengok, Padangan, Bojonegoro Regency, East Java 62162",4.9,209,-7.1494,111.6042,https://www.google.com/maps/search/?api=1&query=Naavagreen+Cepu&query_place_id=ChIJQcAKZ3Rldy4RFzwTQgdqdq8
25,OQUIN OFFICIAL,Klinik Perawatan Kulit,aesthetic,WA (08xx),0823-2323-8438,"Tawangrejo 01/03, Kaloran, Tawangrejo, Kec. Kunduran, Kabupaten Blora, Jawa Tengah 58255",5.0,1,-7.0589,111.2741,https://www.google.com/maps/search/?api=1&query=OQUIN+OFFICIAL&query_place_id=ChIJ5zbKtlFPdy4Rj4EhKZBY3vw
26,Klinik Dr. Gunawan,Klinik Medis,"",landline,(0296) 531075,"Jl. Nusantara No.11, Jetis, Kauman, Kec. Blora, Kabupaten Blora, Jawa Tengah 58214",4.4,28,-6.9717,111.4108,https://www.google.com/maps/search/?api=1&query=Klinik+Dr.+Gunawan&query_place_id=ChIJfUEePhxBdy4R74TiIuyAEDM
27,Irawan Tedjawardana. dr,Dokter Umum,"",landline,(0295) 5105030,"Jl. Pemuda No.50, Tempelan, Kec. Blora, Kabupaten Blora, Jawa Tengah 58211",5.0,1,-6.9698,111.4162,https://www.google.com/maps/search/?api=1&query=Irawan+Tedjawardana.+dr&query_place_id=ChIJmSLYUP1Ady4RGfRaVVbeUag
28,dr. Lukas Setiaatmaja,Dokter Umum,"",landline,(0296) 421038,"Jl. Diponegoro No.27, 58311, Cepu, Kec. Cepu, Kabupaten Blora, Jawa Tengah 58112",5.0,5,-7.1457,111.5929,https://www.google.com/maps/search/?api=1&query=dr.+Lukas+Setiaatmaja&query_place_id=ChIJFeu84hRkdy4RAcpZQO6zVT4
29,Bidan Muntarti,Klinik Kesehatan,"",tanpa nomor,"","X8W7+W9X Bidan Muntarti, Jl. Raya Japah, Ngawen, Kec. Ngawen, Kabupaten Blora, Jawa Tengah 58254",5.0,1,-7.0025,111.3135,https://www.google.com/maps/search/?api=1&query=Bidan+Muntarti&query_place_id=ChIJM_3uZABHdy4RJHBqemOEVYU
30,PKD Gunungan,Klinik Medis,"",tanpa nomor,"","363F+9XX PKD Gunungan, Gunungan, Kec. Todanan, Kabupaten Blora, Jawa Tengah 58256",0.0,0,-6.9465,111.2250,https://www.google.com/maps/search/?api=1&query=PKD+Gunungan&query_place_id=ChIJlZm2eQBJdy4RhGxyktyde4A
31,Klinik Terapi Tinggi Badan Thau Zen,Terapis Fisik,"",WA (08xx),0878-3141-5300,"2FGG+9RF Klinik Terapi Tinggi Badan Thau Zen, Jl. Nasional Blora - Cepu, Jepon, Kec. Blora, Kabupaten Blora, Jawa Tengah 58261",4.0,7,-6.9741,111.4770,https://www.google.com/maps/search/?api=1&query=Klinik+Terapi+Tinggi+Badan+Thau+Zen&query_place_id=ChIJe0Pp7Xhqdy4RGKLzyqCj0Og
32,KLINIK TANJUNG MEDIKA,,"",tanpa nomor,"","RF9X+6GC KLINIK TANJUNG MEDIKA, Jl. Ngraho - Ketuwan, Wado Wetan, Wado, Kec. Kedungtuban, Kabupaten Blora, Jawa Tengah 58381",0.0,0,-7.1819,111.4988,https://www.google.com/maps/search/?api=1&query=KLINIK+TANJUNG+MEDIKA&query_place_id=ChIJTUoOnLhgdy4RcTinXVJ2OA8
33,Praktek Dokter Abdul Majid,Dokter Mata,"",tanpa nomor,"","2CP7+F86 Praktek Dokter Abdul Majid, Kunden, Blora, Blora Regency, Central Java 58212",3.0,30,-6.9638,111.4133,https://www.google.com/maps/search/?api=1&query=Praktek+Dokter+Abdul+Majid&query_place_id=ChIJh_fi8uRAdy4RpwDk0HEetmU
34,"Praktek Mandiri Terapis Gigi dan Mulut ""Deka Dental""",Klinik Gigi,dental,WA (08xx),0858-9911-2466,"Jl. Karang Taruna No.18, Diliwungan, Jetis, Kec. Blora, Kabupaten Blora, Jawa Tengah 58213",5.0,142,-6.9845,111.4082,"https://www.google.com/maps/search/?api=1&query=Praktek+Mandiri+Terapis+Gigi+dan+Mulut+""Deka+Dental""&query_place_id=ChIJA-dKEY5Bdy4RJXAxZmCYcPw"
35,Poliklinik Desa,Pusat Keluarga Berencana,"",tanpa nomor,"","RG39+CPH Poliklinik Desa, Tanduran, Kemantren, Kec. Kedungtuban, Kabupaten Blora, Jawa Tengah 58381",0.0,0,-7.1964,111.5194,https://www.google.com/maps/search/?api=1&query=Poliklinik+Desa&query_place_id=ChIJgcoLGONgdy4RoWbTGh9qI_0
36,Bank Mandiri Blora Ngawen,Bank,"",landline,(021) 14000,"Warudoyong, Ngawen, Kec. Ngawen, Kabupaten Blora, Jawa Tengah 58254",4.9,348,-7.0035,111.3156,https://www.google.com/maps/search/?api=1&query=Bank+Mandiri+Blora+Ngawen&query_place_id=ChIJzekOaW5Gdy4RbAQwl3U3Y7w
37,"Griya Care Center PUSAT PERAWATAN LUKA, STOMA ,DAN KHITAN MODERN ( Cabang Jepon)",Klinik Medis,"",WA (08xx),0812-2606-6291,"Jl. Nasional Blora - Cepu, Jepon, Kec. Jepon, Kabupaten Blora, Jawa Tengah 58261",4.7,12,-6.9742,111.4748,"https://www.google.com/maps/search/?api=1&query=Griya+Care+Center+PUSAT+PERAWATAN+LUKA,+STOMA+,DAN+KHITAN+MODERN+(+Cabang+Jepon)&query_place_id=ChIJieVpBQBBdy4Rm7gpV-4342g"
38,Manggala Clinic,Klinik Perawatan Kulit,aesthetic,WA (08xx),0812-2865-5553,"Jl. Pemuda No.31, Tempelan, Mlangsen, Kec. Blora, Kabupaten Blora, Jawa Tengah 58215",4.2,11,-6.9699,111.4173,https://www.google.com/maps/search/?api=1&query=Manggala+Clinic&query_place_id=ChIJA1hrYP1Ady4Rd5VQhjxPXgA
39,KLINIK AABBOORSSSII DR. PAUL DI BLORA PPEENGGGUGUURR KKANNDDUUNGGAANN,Klinik Medis,"",landline,(0296) 532218,"Jl. Tentara Pelajar No.6, Kunden, Blora, Blora Regency, Central Java 58211",0.0,0,-6.9684,111.4142,https://www.google.com/maps/search/?api=1&query=KLINIK+AABBOORSSSII+DR.+PAUL+DI+BLORA+PPEENGGGUGUURR+KKANNDDUUNGGAANN&query_place_id=ChIJoar5s99Bdy4R3d8d_kFGNqM
40,Klinik Bidan Rawuh,Klinik Medis,"",tanpa nomor,"","Jl. Raya Ketuwan No.05/02, Sidorejo, Kedungtuban, Blora Regency, Central Java 58381",5.0,4,-7.2119,111.5133,https://www.google.com/maps/search/?api=1&query=Klinik+Bidan+Rawuh&query_place_id=ChIJnS8CYQBhdy4Rj2pna_Y-e64
41,dr.soni suharsono,Dokter Umum,"",tanpa nomor,"","Jl. Meliwis No.27, perumnas, Karangjati, Kec. Blora, Kabupaten Blora, Jawa Tengah 58219",5.0,2,-6.9640,111.4312,https://www.google.com/maps/search/?api=1&query=dr.soni+suharsono&query_place_id=ChIJI8HdBPZBdy4RiyNHqU__D6c
42,Bank Syariah Indonesia Pasar Rebo,Bank,"",landline,(021) 87792471,"Ruko Mutiara Faza Blok RE NO. 1-2, Jl. Raya Conde No.5, RT.5/RW.6, Gedong, Kec. Ps. Rebo, Kota Jakarta Timur, Daerah Khusus Ibukota Jakarta 13760",4.2,94,-6.3003,106.8564,https://www.google.com/maps/search/?api=1&query=Bank+Syariah+Indonesia+Pasar+Rebo&query_place_id=ChIJs4OoVWbyaS4RvevCUFxevhk
43,Praktik Mandiri & Khitan Pak Eko,Klinik Medis,"",tanpa nomor,"","VHMC+5JG Praktik Mandiri & Khitan Pak Eko, Kendilan, Gadu, Kec. Sambong, Kabupaten Blora, Jawa Tengah 58371",5.0,1,-7.1171,111.5716,https://www.google.com/maps/search/?api=1&query=Praktik+Mandiri+&+Khitan+Pak+Eko&query_place_id=ChIJCzflYwBldy4REHIV5tizp7s
44,Klinik dr. Giyanto,Klinik Medis,"",landline,(0296) 361082,"X8W8+F4Q Klinik dr. Giyanto, Warudoyong, Ngawen, Blora Regency, Central Java 58254",5.0,2,-7.0038,111.3154,https://www.google.com/maps/search/?api=1&query=Klinik+dr.+Giyanto&query_place_id=ChIJrw_JoSlHdy4Rwm6_eO6MN18
45,Klinik & Homecare,Praktisi perawat,"",tanpa nomor,"","RT.2/RW.5, Area Hutan, Ledok, Kec. Sambong, Kabupaten Blora, Jawa Tengah 58371",5.0,1,-7.0841,111.5767,https://www.google.com/maps/search/?api=1&query=Klinik+&+Homecare&query_place_id=ChIJFyvz_iBldy4RhfkO1XwRmYw
46,POLIKLINIK KESEHATAN DESA JURANGJERO,Klinik Kesehatan,"",tanpa nomor,"","3GW3+8F2 POLIKLINIK KESEHATAN DESA JURANGJERO, Unnamed Road, Kembang, Jurangjero, Kec. Bogorejo, Kabupaten Blora, Jawa Tengah 58262",5.0,1,-6.9042,111.5036,https://www.google.com/maps/search/?api=1&query=POLIKLINIK+KESEHATAN+DESA+JURANGJERO&query_place_id=ChIJNfB0LdUVdy4Rq5u4XX-x6RM
47,Klinik Gisela,Apotek,"",WA (08xx),0812-5955-8055,"Jl. G. Lawu, Tempelan, Kec. Blora, Kabupaten Blora, Jawa Tengah 58211",3.5,22,-6.9646,111.4181,https://www.google.com/maps/search/?api=1&query=Klinik+Gisela&query_place_id=ChIJ6UjLB4RBdy4RrtNkX3ycs1k
48,Klinik Sutrisno,,"",tanpa nomor,"","28FQ+39Q Klinik Sutrisno, Jl. Palembang, Seren, Sendangmulyo, Ngawen, Blora Regency, Central Java 58254",5.0,1,-6.9773,111.3385,https://www.google.com/maps/search/?api=1&query=Klinik+Sutrisno&query_place_id=ChIJoyzKEftHdy4RAq3ekkxhVEs
49,Kantor BPJS Kesehatan Blora,Agen Asuransi Kesehatan,"",landline,(0296) 5298565,"Jl. Dr. Sutomo No.19, Tempelan, Kec. Blora, Kabupaten Blora, Jawa Tengah 58211",4.8,1437,-6.9666,111.4155,https://www.google.com/maps/search/?api=1&query=Kantor+BPJS+Kesehatan+Blora&query_place_id=ChIJywe63fxAdy4RnExjFcR_6iM
50,Dr. Hj. Imtikhananik (Bu Nanik),Dokter,"",tanpa nomor,"","Jl. Sukolilo, Sukolilo, Berbak, Kec. Ngawen, Kabupaten Blora, Jawa Tengah 58254",5.0,3,-7.0001,111.3171,https://www.google.com/maps/search/?api=1&query=Dr.+Hj.+Imtikhananik+(Bu+Nanik)&query_place_id=ChIJx6o3K2lGdy4Rx82GDlZlmRs
51,RS BHAYANGKARA TINGKAT IV BLORA,Rumah Sakit,"",landline,(0296) 8152007,"Jagong, Kec. Kunduran, Kabupaten Blora, Jawa Tengah 58255",4.9,71,-7.0494,111.2527,https://www.google.com/maps/search/?api=1&query=RS+BHAYANGKARA+TINGKAT+IV+BLORA&query_place_id=ChIJZbDrAQBPdy4Rth5UdMcv5YI
52,Praktek Dokter Hewan Mandiri Randublatung,Dokter Hewan,"",WA (08xx),0877-7727-2018,"Sumberejo 005/001, Sumberejo, Sumberjo, Kec. Randublatung, Kabupaten Blora, Jawa Tengah 58382",5.0,5,-7.2004,111.4347,https://www.google.com/maps/search/?api=1&query=Praktek+Dokter+Hewan+Mandiri+Randublatung&query_place_id=ChIJ775wYQBfdy4R4wE6iUNaku0
53,Klinik Argo Darmo,Klinik Medis,"",WA (08xx),0812-1501-3608,"Blimbing, Sambongrejo, Sambong, Blora Regency, Central Java 58371",0.0,0,-7.1017,111.5410,https://www.google.com/maps/search/?api=1&query=Klinik+Argo+Darmo&query_place_id=ChIJ0bG96mRndy4RwPw_kcme1Ks
54,Bank Mandiri Blora Kunduran,Bank,"",landline,(021) 14000,"W6XP+HX9 Jalan Raya Blora - Purwodadi, Kunduran, Jawa Tengah, Kabupaten Blora, Jawa Tengah 58255",5.0,130,-7.0511,111.2375,https://www.google.com/maps/search/?api=1&query=Bank+Mandiri+Blora+Kunduran&query_place_id=ChIJF2mfmgJPdy4R-1g0_66r8R8
55,Mimofa beauty clinic - Blora,Toko Kesehatan dan Kecantikan,aesthetic,WA (08xx),0811-2819-9000,"Jl. KH. Ahmad Dahlan No.7, Kauman, Kec. Blora, Kabupaten Blora, Jawa Tengah 58213",4.9,31,-6.9689,111.4113,https://www.google.com/maps/search/?api=1&query=Mimofa+beauty+clinic+-+Blora&query_place_id=ChIJicsFu5dBdy4RhKPT01BfE-4
56,Praktek Dokter dr. Ritma Inggrid Saputri ( Rumah Sehat A.M Medika ),Dokter,"",WA (08xx),0813-2673-5150,"Sambongrejo, Kec. Tunjungan, Kabupaten Blora, Jawa Tengah 58252",5.0,74,-6.9347,111.3764,https://www.google.com/maps/search/?api=1&query=Praktek+Dokter+dr.+Ritma+Inggrid+Saputri+(+Rumah+Sehat+A.M+Medika+)&query_place_id=ChIJba1l5cpHdy4RBDgpmg1yt3M
57,Sunat/Khitan Modern & Sunat Tidur/Hipnokhitan kaji SIS,Klinik Kesehatan,"",WA (08xx),0811-363-515,"RT.008/RW.001, Karangmojo, Kunduran, Kec. Kunduran, Kabupaten Blora, Jawa Tengah 58255",0.0,0,-7.0504,111.2391,https://www.google.com/maps/search/?api=1&query=Sunat/Khitan+Modern+&+Sunat+Tidur/Hipnokhitan+kaji+SIS&query_place_id=ChIJiyDh5oVPdy4RNcW9z2WGMl8
58,Praktek Dr.hartono,Dokter,"",WA (08xx),0857-5010-0770,"Kedunggampeng, Ngraho, Kec. Kedungtuban, Kabupaten Blora, Jawa Tengah 58381",5.0,1,-7.1684,111.4998,https://www.google.com/maps/search/?api=1&query=Praktek+Dr.hartono&query_place_id=ChIJVVVVVRFndy4Ra9aQTIHdAuw
59,Dokter Spesialis Kulit dan Kelamin Cepu ( dr. Dwi Septiana Sp. D. V),Dermatolog,"",WA (08xx),0882-1675-0637,"Jl. Olah Raga No.18, Kampungbaru, Karangboyo, Kec. Cepu, Kabupaten Blora, Jawa Tengah 58315",4.9,125,-7.1396,111.6003,https://www.google.com/maps/search/?api=1&query=Dokter+Spesialis+Kulit+dan+Kelamin+Cepu+(+dr.+Dwi+Septiana+Sp.+D.+V)&query_place_id=ChIJc1awW3hldy4RBNDEaP5mjwo
60,Klinik Dokter H Sri Hartanto MM dan praktek drg eni sutanti MM,Dokter Keluarga,dental,tanpa nomor,"","Jl. Raya Randublatung No.57, Banaran, Sambongwangan, Randublatung, Blora Regency, Central Java 58382",5.0,1,-7.2024,111.3771,https://www.google.com/maps/search/?api=1&query=Klinik+Dokter+H+Sri+Hartanto+MM+dan+praktek+drg+eni+sutanti+MM&query_place_id=ChIJ_Uk9_zJZdy4R9Ql1Eack7Rg
61,Poliklinik Pancasila,Klinik Kesehatan,"",landline,(0296) 810041,"Q9WQ+G8X Poliklinik Pancasila, Jl. Randublatung - Doplang, Randublatung, Blora Regency, Central Java 58382",4.0,15,-7.2036,111.3884,https://www.google.com/maps/search/?api=1&query=Poliklinik+Pancasila&query_place_id=ChIJmy_FMc5edy4R9kG7xFiZW-I
62,Klinik Dr. Puji Basuki,Dokter,"",tanpa nomor,"","XGX6+333 Klinik Dr. Puji Basuki, Jiken, Blora Regency, Central Java 58372",5.0,70,-7.0024,111.5102,https://www.google.com/maps/search/?api=1&query=Klinik+Dr.+Puji+Basuki&query_place_id=ChIJdY0RPSZqdy4RS4VtoHz5qd0
63,Praktek Mandiri Bidan Mujirah,Klinik Medis,"",tanpa nomor,"","RC66+42G Praktek Mandiri Bidan Mujirah, Ploso Wetan, Kediren, Randublatung, Blora Regency, Central Java 58382",5.0,2,-7.1897,111.4100,https://www.google.com/maps/search/?api=1&query=Praktek+Mandiri+Bidan+Mujirah&query_place_id=ChIJAxUOJgBfdy4Rhei3MvFT6_k
64,Klinikannisablora,,"",tanpa nomor,"","Jl. RA. Kartini No.7, Kunden, Kec. Blora, Kabupaten Blora, Jawa Tengah 58212",1.3,15,-6.9652,111.4132,https://www.google.com/maps/search/?api=1&query=Klinikannisablora&query_place_id=ChIJ7XV1guRAdy4RyeqNJUVfN70
65,Klinik HSP CEPU,Klinik Medis,"",tanpa nomor,"","Jl. Diponegoro No.56, Sidomulyo, Cepu, Blora Regency, Central Java 58312",3.9,31,-7.1508,111.5918,https://www.google.com/maps/search/?api=1&query=Klinik+HSP+CEPU&query_place_id=ChIJQcjXomxkdy4RizzQ34yGdYU
66,PKD SUMBERJO,Klinik Medis,"",tanpa nomor,"","38M6+VJ3 PKD SUMBERJO, Sumberejo, Kec. Japah, Kabupaten Blora, Jawa Tengah 58527",0.0,0,-6.9154,111.3115,https://www.google.com/maps/search/?api=1&query=PKD+SUMBERJO&query_place_id=ChIJrQC-JAA5dy4R6impajhYmTo
67,Klinik Pratama 410/ ALG,Klinik Medis,"",landline,(0296) 532811,"2CHQ+MCH Klinik Pratama 410/ ALG, Alugoro, Bangkle, Kec. Blora, Kabupaten Blora, Jawa Tengah 58218",4.2,26,-6.9708,111.4386,https://www.google.com/maps/search/?api=1&query=Klinik+Pratama+410/+ALG&query_place_id=ChIJsbPvcK1Bdy4Rjf7GQkJDFYQ
68,Klinik Bhina Fastabiq Jamil,Klinik Medis,"",tanpa nomor,"","W6XP+HXM Klinik Bhina Fastabiq Jamil, Kunduran, Kec. Kunduran, Kabupaten Blora, Jawa Tengah 58255",5.0,2,-7.0510,111.2374,https://www.google.com/maps/search/?api=1&query=Klinik+Bhina+Fastabiq+Jamil&query_place_id=ChIJcQd9enlPdy4RPY6mBBGLcls
69,DENTALOVE CARE CEPU,Dokter Gigi,dental,WA (08xx),0851-6258-2116,"Jl gang galunggung rt 3 rw 7, Kampungbaru, Cepu, Kec. Cepu, Kabupaten Blora, Jawa Tengah 58315",4.9,92,-7.1375,111.6005,https://www.google.com/maps/search/?api=1&query=DENTALOVE+CARE+CEPU&query_place_id=ChIJt5FnMOZldy4RdJ7MlB9je3o
70,Klinik Permata Husada,Klinik Medis,"",WA (08xx),0813-9307-7717,"Jalan Raya Kunduran - Purwodadi No.8, RT.04/RW.03, Kunduran, Kec. Kunduran, Kabupaten Blora, Jawa Tengah 58255",4.9,33,-7.0511,111.2326,https://www.google.com/maps/search/?api=1&query=Klinik+Permata+Husada&query_place_id=ChIJH1_sBK1Pdy4Roz3TDEHSoWQ
71,Sekitar kunduran,Klinik Perjalanan,"",tanpa nomor,"","W6XQ+JJF Sekitar kunduran, Kunduran, Kec. Kunduran, Kabupaten Blora, Jawa Tengah 58255",0.0,0,-7.0509,111.2391,https://www.google.com/maps/search/?api=1&query=Sekitar+kunduran&query_place_id=ChIJaaggLABPdy4RAg1jgKtmPys
72,"Praktek Terapis Gigi Dan Mulut ""SA Denta""",Klinik Gigi,dental,WA (08xx),0812-3489-969,"dk. Pojok, RT.04/RW.05, Teleng, Buluroto, Kec. Banjarejo, Kabupaten Blora, Jawa Tengah 58253",5.0,50,-6.9899,111.3915,"https://www.google.com/maps/search/?api=1&query=Praktek+Terapis+Gigi+Dan+Mulut+""SA+Denta""&query_place_id=ChIJG2njMb1Bdy4RljUO-YY_P_M"
73,Praktik Dokter Mandiri dr. Erfina Daniati,Dokter Umum,"",WA (08xx),0812-3524-3780,"Jl. Giyanti No.17, dusun suwareh, Brabowan, Kec. Sambong, Kabupaten Blora, Jawa Tengah 58371",0.0,0,-7.1069,111.6131,https://www.google.com/maps/search/?api=1&query=Praktik+Dokter+Mandiri+dr.+Erfina+Daniati&query_place_id=ChIJbYTCnIdldy4RLEu1Onjqto4
74,Bidan Fitria Amariah,Klinik Medis,"",tanpa nomor,"","3F6X+76J Bidan Fitria Amariah, Prantaan, Kec. Bogorejo, Kabupaten Blora, Jawa Tengah 58262",5.0,1,-6.9393,111.4980,https://www.google.com/maps/search/?api=1&query=Bidan+Fitria+Amariah&query_place_id=ChIJn27mFv1rdy4Rhwegp5tZUQg
75,Poliklinik Ngawen,Klinik Medis,"",tanpa nomor,"","X8V7+R48 Poliklinik Ngawen, Ngawen, Blora Regency, Central Java 58254",0.0,0,-7.0055,111.3128,https://www.google.com/maps/search/?api=1&query=Poliklinik+Ngawen&query_place_id=ChIJD0PVCnJGdy4Rk0EFICy6f0E
76,Praktek Dokter Gigi Randublatung drg. Yuda Dwi Anggara (YUMNA DENTAL CARE),Dokter Gigi,dental,WA (08xx),0813-2825-5367,"R94W+W2P Praktek Dokter Gigi Randublatung drg. Yuda Dwi Anggara (YUMNA DENTAL CARE), Jl. Ronggolawe, RT.04/RW.02, Wulung, Kec. Randublatung, Kabupaten Blora, Jawa Tengah 58382",5.0,40,-7.1927,111.3949,https://www.google.com/maps/search/?api=1&query=Praktek+Dokter+Gigi+Randublatung+drg.+Yuda+Dwi+Anggara+(YUMNA+DENTAL+CARE)&query_place_id=ChIJbTH2dQBfdy4RDP6CT85ig_A
77,POLIKLINIK,Dokter,"",tanpa nomor,"","RGJV+H6H POLIKLINIK, Pilang, Nglandeyan, Kec. Kedungtuban, Kabupaten Blora, Jawa Tengah 58381",0.0,0,-7.1686,111.5431,https://www.google.com/maps/search/?api=1&query=POLIKLINIK&query_place_id=ChIJgf1h9zRhdy4RX8CCqLO_rl4
78,Klinik Pratama Tali Kasih/Bidan Pinti,,"",tanpa nomor,"","Jl. Nasional Blora - Cepu No.Km. 7, RT.004/RW.006, Jepon, Kec. Blora, Kabupaten Blora, Jawa Tengah 58261",0.0,0,-6.9743,111.4769,https://www.google.com/maps/search/?api=1&query=Klinik+Pratama+Tali+Kasih/Bidan+Pinti&query_place_id=ChIJ4bF9qVNrdy4RWsQqId-Fnps
79,RSUD dr. R. SOETIJONO BLORA,Rumah Sakit Umum,"",landline,(0296) 531118,"Jl. Dr. Sutomo No.42, Blora, Tempelan, Kec. Blora, Kabupaten Blora, Jawa Tengah 58219",4.6,2133,-6.9672,111.4204,https://www.google.com/maps/search/?api=1&query=RSUD+dr.+R.+SOETIJONO+BLORA&query_place_id=ChIJw29rzuv71y0Rc7EPzGOF5S0
80,Fktp Dr Indrayati,Klinik Kesehatan,"",WA (08xx),0813-3790-6530,"Jl. Nasional Blora - Cepu No.KM 7, RT.01/RW.01, Damaran, Jepon, Kec. Jepon, Kabupaten Blora, Jawa Tengah 58261",4.1,9,-6.9751,111.4829,https://www.google.com/maps/search/?api=1&query=Fktp+Dr+Indrayati&query_place_id=ChIJP1UKEtNrdy4R009JRkhK08Q
81,Bank Mandiri Blora Randublatung,Bank,"",tanpa nomor,"","Wulung, Randublatung, Blora Regency, Central Java 58382",5.0,79,-7.1940,111.3946,https://www.google.com/maps/search/?api=1&query=Bank+Mandiri+Blora+Randublatung&query_place_id=ChIJcSIqgsdedy4RRJe8hI1T684
82,Laboratorium Medis Patra Medica Cepu,Laboratorium Medis,"",WA (08xx),0823-2511-8859,"Jl. Surabaya No.56, Sidomulyo, Cepu, Blora, Blora Regency, Central Java 58112",4.8,31,-7.1492,111.5948,https://www.google.com/maps/search/?api=1&query=Laboratorium+Medis+Patra+Medica+Cepu&query_place_id=ChIJGRZ3smxkdy4RjMziReZtxts
83,Praktik Bidan Dian,Klinik Kesehatan,"",tanpa nomor,"","VGXR+89 Praktik Bidan Dian, Blimbing, Sambongrejo, Kec. Sambong, Kabupaten Blora, Jawa Tengah 58371",5.0,3,-7.1017,111.5410,https://www.google.com/maps/search/?api=1&query=Praktik+Bidan+Dian&query_place_id=ChIJA0qG4mFndy4Rog_HTZQ7T84
84,Klinik PMI Blora,Klinik Medis,"",tanpa nomor,"","Jl. Gatot Subroto No.208 Km.2, Sukorame, Tutup, Kec. Blora, Kabupaten Blora, Jawa Tengah 58252",3.7,3,-6.9689,111.3953,https://www.google.com/maps/search/?api=1&query=Klinik+PMI+Blora&query_place_id=ChIJpyP93dhAdy4R60sAjv2aiEQ
85,Pusat Kesehatan Umum Muhammadiyah,Klinik Tanpa Perjanjian,"",landline,(0296) 361478,"Jl. Raya No.9, Kunduran, Kec. Ngawen, Kabupaten Blora, Jawa Tengah 58255",0.0,0,-7.0503,111.2323,https://www.google.com/maps/search/?api=1&query=Pusat+Kesehatan+Umum+Muhammadiyah&query_place_id=ChIJRTJruPxOdy4RoHySXJ99Rms
86,Klinik Gigi One Dental Care,Dokter Gigi,dental,WA (08xx),0823-2505-9058,"Jl.Raya Blora-Purwodadi KM.24 Sambiroto, Kunduran, Sambiroto, Kec. Blora, Kabupaten Blora, Jawa Tengah 58255",4.8,5,-7.0504,111.2271,https://www.google.com/maps/search/?api=1&query=Klinik+Gigi+One+Dental+Care&query_place_id=ChIJrWr5uatPdy4RNrsiieKb36Y
87,Klinik Patra Medica,Klinik Medis,"",WA (08xx),0821-3835-6004,"2CG6+W9X Klinik Patra Medica, Jetis, Kauman, Blora, Blora Regency, Central Java 58214",4.5,17,-6.9726,111.4110,https://www.google.com/maps/search/?api=1&query=Klinik+Patra+Medica&query_place_id=ChIJF6COyh1Bdy4RZjG3h1n8VPw
88,Klinik Andri,Klinik Gigi,dental,WA (08xx),0851-6111-3315,"Jl. Raya Japah, Berbak, Ngawen, Blora Regency, Central Java 58254",5.0,11,-6.9986,111.3140,https://www.google.com/maps/search/?api=1&query=Klinik+Andri&query_place_id=ChIJL76LPRlHdy4RQjhVPKaAETc
89,KLINIK TALI KASIH Pelayanan 24 Jam,Dokter,"",landline,(0296) 525666,"Depan Polsek, Jln Nasional No.KM 7, Jepon, Kec. Jepon, Kabupaten Blora, Jawa Tengah 58261",4.5,36,-6.9730,111.4750,https://www.google.com/maps/search/?api=1&query=KLINIK+TALI+KASIH+Pelayanan+24+Jam&query_place_id=ChIJ7SQsjXhqdy4RN8FTREKzbdA
90,Klinik dan Apotek Sumbawa Medika,Klinik Kesehatan,"",WA (08xx),0821-3801-2570,"Jl. Sumbawa No.15A, Jetis, Kec. Blora, Kabupaten Blora, Jawa Tengah 58214",4.9,152,-6.9772,111.4092,https://www.google.com/maps/search/?api=1&query=Klinik+dan+Apotek+Sumbawa+Medika&query_place_id=ChIJVXce92RBdy4Rs-HQBQE5vKY
91,Klinik Azzahra,Klinik Medis,"",tanpa nomor,"","X8V7+R55 Klinik Azzahra, Ngawen, Blora Regency, Central Java 58254",5.0,1,-7.0055,111.3130,https://www.google.com/maps/search/?api=1&query=Klinik+Azzahra&query_place_id=ChIJuTHhCnJGdy4RCt3cI0j8wWs
92,svvara skin,Klinik Perawatan Kulit,aesthetic,tanpa nomor,"","VHV8+52J svvara skin, dk sidomulyo Jl. Pertamina ledok, RT.02/RW.01, Sambongpojok, Pojokwatu, Sambong, Blora Regency, Central Java 58371",0.0,0,-7.1070,111.5650,https://www.google.com/maps/search/?api=1&query=svvara+skin&query_place_id=ChIJO4PfvTJndy4RTVlwr7hg2d0
93,JN Beauty House Kunduran,Klinik Perawatan Kulit,aesthetic,WA (08xx),0812-7327-331,"Jl. Raya Purwodadi - Blora No.km.24, Kunduran, Blora Regency, Central Java 58255",4.8,20,-7.0503,111.2435,https://www.google.com/maps/search/?api=1&query=JN+Beauty+House+Kunduran&query_place_id=ChIJKxLG8x1Pdy4RevWj2aKxpxA
94,KLINIK TALI KASIH Pelayanan 24 Jam,Klinik Medis,"",WA (08xx),0823-2491-7355,"",0.0,0,-6.9979,111.4540,https://www.google.com/maps/search/?api=1&query=KLINIK+TALI+KASIH+Pelayanan+24+Jam&query_place_id=ChIJL5sHaWvAnWMR8ivSYkmYIsw
95,BIDAN ASMIATUN,Klinik Medis,"",tanpa nomor,"","28QG+Q92 BIDAN ASMIATUN, Pengkolrejo, Kec. Japah, Kabupaten Blora, Jawa Tengah 58527",0.0,0,-6.9606,111.3259,https://www.google.com/maps/search/?api=1&query=BIDAN+ASMIATUN&query_place_id=ChIJ_RnpewBHdy4Rf91mNsHNTmA
96,DENTANITA Blora (Praktek Bersama Dokter Gigi Anak & Dokter Gigi Umum),Dokter Gigi,dental,WA (08xx),0823-1127-9191,"Jalan Perempatan Kamolan (Barat SMP 3, Bangeran, Kamolan, Kec. Blora, Kabupaten Blora, Jawa Tengah 58251",5.0,477,-6.9979,111.4105,https://www.google.com/maps/search/?api=1&query=DENTANITA+Blora+(Praktek+Bersama+Dokter+Gigi+Anak+&+Dokter+Gigi+Umum)&query_place_id=ChIJve2l2sZBdy4RhmDn_UGEMTI
97,"Klinik Pratama ""Yastamas"" Cepu",Klinik Kesehatan,"",landline,(0296) 4271448,"Jl. Pahlawan No.1, Sidomulyo, Cepu, Kec. Cepu, Kabupaten Blora, Jawa Tengah 58312",0.0,0,-7.1428,111.5955,"https://www.google.com/maps/search/?api=1&query=Klinik+Pratama+""Yastamas""+Cepu&query_place_id=ChIJ46-4TLJldy4RyQUR7_TZdDo"
98,Klinik Pratama Happy,Klinik Kesehatan,"",tanpa nomor,"","Jl. Bayangkara Utara No.2B, Ketangar, Karangjati, Kec. Blora, Kabupaten Blora, Jawa Tengah 58219",4.8,75,-6.9649,111.4260,https://www.google.com/maps/search/?api=1&query=Klinik+Pratama+Happy&query_place_id=ChIJA1xyTQBBdy4RAf5cn-eHWXI
99,PKD Kedungwungu,Klinik Medis,"",tanpa nomor,"","26G3+J37 PKD Kedungwungu, Kedungwungu, Kec. Todanan, Kabupaten Blora, Jawa Tengah 58256",5.0,1,-6.9735,111.2027,https://www.google.com/maps/search/?api=1&query=PKD+Kedungwungu&query_place_id=ChIJ2xaXVwBJdy4RWmSIAkjWP7g
100,Klinik Rumah Aska,Klinik Medis,"",tanpa nomor,"","2F6J+WVH Klinik Rumah Aska, Semampir, Kec. Jepon, Kabupaten Blora, Jawa Tengah 58261",5.0,1,-6.9877,111.4822,https://www.google.com/maps/search/?api=1&query=Klinik+Rumah+Aska&query_place_id=ChIJ_Yv7VWxrdy4R8hF_qxukYzc
101,Griya Fisioterapi Cepu,Terapis Fisik,"",WA (08xx),0821-3731-3025,"Jl. SMP N 2 Cepu No. 59 RT02 RW 03, Kampungbaru, Karangboyo, Kec. Cepu, Kabupaten Blora, Jawa Tengah 58315",4.9,22,-7.1392,111.5986,https://www.google.com/maps/search/?api=1&query=Griya+Fisioterapi+Cepu&query_place_id=ChIJ11M3N7pldy4RtqZI47AGOXs
102,Praktek dr eko puji santoso,Dokter,"",tanpa nomor,"","Jl. Giyanti, Karangboyo, Kec. Cepu, Kabupaten Blora, Jawa Tengah 58315",4.9,46,-7.1300,111.6043,https://www.google.com/maps/search/?api=1&query=Praktek+dr+eko+puji+santoso&query_place_id=ChIJTaMmkGpldy4R6TIkKV9QURs
103,Escha Skincare Randublatung,Toko Kesehatan dan Kecantikan,aesthetic,WA (08xx),0858-7795-5111,"Jl. Diponegoro, Randublatung, Kec. Randublatung, Kabupaten Blora, Jawa Tengah 58382",5.0,128,-7.2034,111.3911,https://www.google.com/maps/search/?api=1&query=Escha+Skincare+Randublatung&query_place_id=ChIJ50fpYs1fdy4RCYZ6b3GTXDo
104,Rumkitban (RS. DKT) Blora,Rumah Sakit Militer,"",landline,(0296) 531041,"Jl. Dr. Sutomo No.45, Blora, Tempelan, Kec. Blora, Kabupaten Blora, Jawa Tengah 58211",4.8,117,-6.9673,111.4189,https://www.google.com/maps/search/?api=1&query=Rumkitban+(RS.+DKT)+Blora&query_place_id=ChIJ2fLi1pJAdy4R1JvUvmEQ99k
105,PKD Dringo,Klinik Medis,"",tanpa nomor,"","3664+2QQ PKD Dringo, RT.01/RW.01, Dringo, Kec. Todanan, Kabupaten Blora, Jawa Tengah 58256",0.0,0,-6.9399,111.2070,https://www.google.com/maps/search/?api=1&query=PKD+Dringo&query_place_id=ChIJGQ_KVwBJdy4RDNIqLcWghJQ
106,Klinik Mitra 10 Cepu,Rumah Sakit,"",landline,(0296) 423709,"RHWQ+QR2 Klinik Mitra 10 Cepu, Bulansawahan, Balun, Kec. Cepu, Kabupaten Blora, Jawa Tengah 58311",3.8,24,-7.1531,111.5895,https://www.google.com/maps/search/?api=1&query=Klinik+Mitra+10+Cepu&query_place_id=ChIJb_KxERJkdy4R8Xfn0EqB7zo
107,Klinik POLRES Blora,Klinik Medis,"",tanpa nomor,"","2FH2+MWQ Klinik POLRES Blora, Sawah, Seso, Kec. Jepon, Kabupaten Blora, Jawa Tengah 58261",2.3,3,-6.9708,111.4523,https://www.google.com/maps/search/?api=1&query=Klinik+POLRES+Blora&query_place_id=ChIJHzpUiMpBdy4RKRkJHoHit5I
108,Apotek Tali Kasih,Apotek,"",WA (08xx),0811-2552-428,"Jl. Nasional Blora - Cepu No.km 7, Karangpace, Jepon, Kec. Jepon, Kabupaten Blora, Jawa Tengah 58261",5.0,1,-6.9759,111.4894,https://www.google.com/maps/search/?api=1&query=Apotek+Tali+Kasih&query_place_id=ChIJAekcMctrdy4R-7e966cVyDk
109,Dava Klinik,Apotek,"",WA (08xx),0857-4645-6483,"M9JH+698 Dava Klinik, Getas, Kacamatan Sub-District, Kabupaten Blora, Jawa Tengah 58383",4.4,5,-7.3195,111.3785,https://www.google.com/maps/search/?api=1&query=Dava+Klinik&query_place_id=ChIJc8oOyOHjeS4RulbSl6ixKlE
110,Praktek Mandiri dr. Alfi,Dokter Keluarga,"",WA (08xx),0889-8955-4641,"2CP9+45M Praktek Mandiri dr. Alfi, Tempelan, Blora, Blora Regency, Central Java 58211",0.0,0,-6.9646,111.4179,https://www.google.com/maps/search/?api=1&query=Praktek+Mandiri+dr.+Alfi&query_place_id=ChIJm_hTPgBBdy4RuCuu8IpiWMQ
111,KLINIK PRATAMA SATHYA ANANDA,Klinik Medis,"",WA (08xx),0896-3653-5456,"Jl. Raya Todanan No.10, RT.02/RW.01, Padas, Todanan, Kec. Todanan, Kabupaten Blora, Jawa Tengah 58256",4.3,30,-6.9418,111.1887,https://www.google.com/maps/search/?api=1&query=KLINIK+PRATAMA+SATHYA+ANANDA&query_place_id=ChIJRT-9dl9Ldy4RdygwZnrVZ_E
112,ARINI SKIN CARE KEDUNGTUBAN,Dokter,aesthetic,WA (08xx),0858-7562-7604,"Kedunggampeng, Ngraho, Kec. Kedungtuban, Kabupaten Blora, Jawa Tengah 58381",5.0,44,-7.1683,111.4998,https://www.google.com/maps/search/?api=1&query=ARINI+SKIN+CARE+KEDUNGTUBAN&query_place_id=ChIJiz9Rrcpgdy4R5NLwS7P3Sdg
113,Mitra Keluarga Jatiasih,Rumah Sakit,"",tanpa nomor,1 500 247,"Jl. Raya Jatimekar, RT.001/RW.012, Jatimekar, Kec. Jatiasih, Kota Bks, Jawa Barat 17422",4.8,15168,-6.2880,106.9539,https://www.google.com/maps/search/?api=1&query=Mitra+Keluarga+Jatiasih&query_place_id=ChIJNU12gWuNaS4R5-EVqWgMQgA
114,Griya Syifa Center | Perawatan Luka Teknik Modern | Bekam | Khitan,Klinik Medis,"",WA (08xx),0895-2262-9329,"Jl. Melati No.8, RT.003/RW.001, Mlangsen, Blora, Blora Regency, Central Java 58215",5.0,5,-6.9713,111.4147,https://www.google.com/maps/search/?api=1&query=Griya+Syifa+Center+|+Perawatan+Luka+Teknik+Modern+|+Bekam+|+Khitan&query_place_id=ChIJR7NZxWhBdy4RHtMA7x9OQJk
115,Singo Medika,Klinik Kesehatan,"",tanpa nomor,"","2G98+VM2 Singo Medika, RT.01/RW.01, Lemahputih, Singonegoro, Kec. Jiken, Kabupaten Blora, Jawa Tengah 58372",0.0,0,-6.9804,111.5167,https://www.google.com/maps/search/?api=1&query=Singo+Medika&query_place_id=ChIJF5pDHABrdy4RXyB4_i9e5HI
116,GIBRAN GRIA SEHAT(khitan modern&Perawatan luka,Klinik Kesehatan,"",WA (08xx),0813-9056-7237,"Jl. Taman Makam Pahlawan, Tempelan, Kec. Blora, Kabupaten Blora, Jawa Tengah 58219",5.0,190,-6.9592,111.4179,https://www.google.com/maps/search/?api=1&query=GIBRAN+GRIA+SEHAT(khitan+modern&Perawatan+luka&query_place_id=ChIJAe__CwBBdy4RCRVb4OYvimQ
117,RS PKU Muhammadiyah Randublatung,Rumah Sakit,"",WA (08xx),0822-8170-3139,"Q9WH+P3F RS PKU Muhammadiyah Randublatung, Area Sawah, Randublatung, Kec. Randublatung, Kabupaten Blora, Jawa Tengah 58382",5.0,1,-7.2032,111.3777,https://www.google.com/maps/search/?api=1&query=RS+PKU+Muhammadiyah+Randublatung&query_place_id=ChIJgwjkEQBZdy4RJMpj2PiBMNA
118,Klinik Ben Waras,Dokter Umum,"",WA (08xx),0852-2534-0107,"Jl. Nasional Blora - Cepu No.Km, RW.8, Damaran, Jepon, Kec. Jepon, Kabupaten Blora, Jawa Tengah 58261",4.8,185,-6.9746,111.4816,https://www.google.com/maps/search/?api=1&query=Klinik+Ben+Waras&query_place_id=ChIJYeYAG2Frdy4Rfkaw-SsueBs
119,Poliklinik Kesehatan Desa Pulo,Klinik Medis,"",tanpa nomor,"","RF5X+5GX Poliklinik Kesehatan Desa Pulo, Pulo, Kec. Kedungtuban, Kabupaten Blora, Jawa Tengah 58381",0.0,0,-7.1920,111.4988,https://www.google.com/maps/search/?api=1&query=Poliklinik+Kesehatan+Desa+Pulo&query_place_id=ChIJ1aOtOwBhdy4RiErE-kDVll8
120,PKD Desa Sambongrejo,Klinik Kesehatan,"",tanpa nomor,"","VGXR+89 PKD Desa Sambongrejo, Blimbing, Sambongrejo, Kec. Sambong, Kabupaten Blora, Jawa Tengah 58371",0.0,0,-7.1010,111.5409,https://www.google.com/maps/search/?api=1&query=PKD+Desa+Sambongrejo&query_place_id=ChIJaxnx9m5ndy4RMoPkdByb7uU
121,Najmina Beautycare Cepu,Ahli estetika,aesthetic,WA (08xx),0895-1729-7937,"Lorong Distrik A No.9a, RT.03/RW.09, Cepu, Kec. Cepu, Kabupaten Blora, Jawa Tengah 58112",4.9,538,-7.1479,111.5912,https://www.google.com/maps/search/?api=1&query=Najmina+Beautycare+Cepu&query_place_id=ChIJH0UNU3Bldy4RoQK69pZDMwQ
122,ATM Mandiri JKT CB PASARREBO,ATM,"",landline,(021) 52997777,"Jl. TB Simatupang No.57, Gedong, Kec. Ps. Rebo, Kota Jakarta Timur, Daerah Khusus Ibukota Jakarta 13760",2.9,7,-6.3026,106.8578,https://www.google.com/maps/search/?api=1&query=ATM+Mandiri+JKT+CB+PASARREBO&query_place_id=ChIJ84BxnobtaS4RH9H_Bm0trqk
123,Rumah Sakit PKU Muhammadiyah Cepu,Rumah Sakit Umum,"",landline,(0296) 421727,"Jl. Ronggolawe No.137, Megal, Balun, Kec. Cepu, Kabupaten Blora, Jawa Tengah 58311",4.5,1082,-7.1513,111.5843,https://www.google.com/maps/search/?api=1&query=Rumah+Sakit+PKU+Muhammadiyah+Cepu&query_place_id=ChIJJcGa9BBkdy4RLqtxlt2jPJA
124,Primera Dental,Klinik Gigi,dental,landline,(021) 29485928,"Cipinang Indah Mall lt.2 no.30 Jl. Raya Kalimalang no 88 RT18/ RW3, RT.18/RW.3, Pd. Bambu, Kec. Duren Sawit, Kota Jakarta Timur, Daerah Khusus Ibukota Jakarta 13420",4.9,16,-6.2388,106.8942,https://www.google.com/maps/search/?api=1&query=Primera+Dental&query_place_id=ChIJd_FW-y3zaS4RhJI-miU_6m4
125,Bank Mandiri Blora Jepon,Bank,"",landline,(0296) 5299795,"Ngawen, Jepon, Kec. Jepon, Kabupaten Blora, Jawa Tengah 58261",5.0,219,-6.9751,111.4854,https://www.google.com/maps/search/?api=1&query=Bank+Mandiri+Blora+Jepon&query_place_id=ChIJZ7sc6Xpqdy4RDROMhY-UZr0
126,Prodia Cepu,Klinik Medis,"",tanpa nomor,1 500 830,"Jl. Pemuda No.60, Sidomulyo, Cepu, Kec. Cepu, Kabupaten Blora, Jawa Tengah 58312",4.8,167,-7.1408,111.5934,https://www.google.com/maps/search/?api=1&query=Prodia+Cepu&query_place_id=ChIJWViaPhVkdy4RH_xoWOK6oDw
127,BAGAS HAYAM WURUK,Rumah Sakit,"",landline,(0296) 425475,"Jl. Hayam Wuruk No.18, Sidomulyo, Cepu, Kec. Cepu, Kabupaten Blora, Jawa Tengah 58312",4.1,35,-7.1410,111.5910,https://www.google.com/maps/search/?api=1&query=BAGAS+HAYAM+WURUK&query_place_id=ChIJY6akABNkdy4RqorEFaQDDA4
128,JN Beauty House Bogorejo,Klinik Perawatan Kulit,aesthetic,WA (08xx),0812-7327-397,"3G5C+HMX JN Beauty House Bogorejo, Bogorejo, Kec. Bogorejo, Kabupaten Blora, Jawa Tengah 58262",4.8,4,-6.9410,111.5217,https://www.google.com/maps/search/?api=1&query=JN+Beauty+House+Bogorejo&query_place_id=ChIJ7zoUQd9qdy4RHLOHJcnR8Gs
129,H2O Dental Clinic,Klinik Gigi,dental,tanpa nomor,"","Jalan Randublatung - Doplang No. 28, Randulawang, Jati, Randublatung, Blora Regency, Central Java 58384",0.0,0,-7.2029,111.3840,https://www.google.com/maps/search/?api=1&query=H2O+Dental+Clinic&query_place_id=ChIJpeH_TABfdy4RCn60K6XRHJ8
130,Klinik Mandiri Fisioterapi Noofi Emma Kurnia,Klinik Terapi Fisik,"",WA (08xx),0878-3445-4949,"desa tanjung, RT.05/RW.01, Tj. Barat, kecamtan, Kec. Kedungtuban, Kabupaten Blora, Jawa Tengah 58381",0.0,0,-7.1831,111.4956,https://www.google.com/maps/search/?api=1&query=Klinik+Mandiri+Fisioterapi+Noofi+Emma+Kurnia&query_place_id=ChIJOS89lVlhdy4Rq2pXFblcKDc
131,Klinik Pratama Bhina Mitra Setya,Klinik Medis,"",tanpa nomor,"","Jl. Blora - Randublatung No.KM.3, Bangeran, Kamolan, Kec. Blora, Kabupaten Blora, Jawa Tengah 58219",4.7,15,-6.9932,111.4102,https://www.google.com/maps/search/?api=1&query=Klinik+Pratama+Bhina+Mitra+Setya&query_place_id=ChIJ82YXh2xBdy4Rs53oCTwkonY
132,RSIA Annisa Blora,Rumah Sakit,"",landline,(0296) 5300533,"Kunden, Kec. Blora, Kabupaten Blora, Jawa Tengah 58212",4.4,196,-6.9652,111.4133,https://www.google.com/maps/search/?api=1&query=RSIA+Annisa+Blora&query_place_id=ChIJsUBPQkNBdy4RGPiYarjrLkg
133,Made Arya W. Dokter Umum,Dokter Umum,"",landline,(021) 8401446,"Jl. Kesehatan No.2, RT.4/RW.11, Gedong, Kec. Ps. Rebo, Kota Jakarta Timur, Daerah Khusus Ibukota Jakarta 13760",4.6,90,-6.3042,106.8590,https://www.google.com/maps/search/?api=1&query=Made+Arya+W.+Dokter+Umum&query_place_id=ChIJY_sNdYTtaS4RuJGLSsEwIW8
134,Klinik Utama Citra Mulia Tunjungan Blora,Rumah Sakit,"",WA (08xx),0813-3321-1118,"Jl. Gatot Subroto No.km.4, Tamansetro, Tamanrejo, Kec. Tunjungan, Kabupaten Blora, Jawa Tengah 58252",4.9,942,-6.9666,111.3805,https://www.google.com/maps/search/?api=1&query=Klinik+Utama+Citra+Mulia+Tunjungan+Blora&query_place_id=ChIJ8RLM7e1Bdy4RlAtCY_HxtX0
135,Praktik Mandiri dr. ARINAL HAQ Sp.N,Dokter Syaraf,"",WA (08xx),0858-7851-1112,"Jl. Randu Blatung, Petak, Tambakromo, Kec. Cepu, Kabupaten Blora, Jawa Tengah 58315",5.0,36,-7.1573,111.5690,https://www.google.com/maps/search/?api=1&query=Praktik+Mandiri+dr.+ARINAL+HAQ+Sp.N&query_place_id=ChIJ1flA9U1ndy4RSqWEAvmuRQQ
136,Rumah Pak Luar,Praktisi perawat,"",tanpa nomor,"","Jl. Raya Japah, Japah, Kec. Japah, Kabupaten Blora, Jawa Tengah 58527",5.0,1,-6.9424,111.2918,https://www.google.com/maps/search/?api=1&query=Rumah+Pak+Luar&query_place_id=ChIJs2qql_tHdy4R_j_PMsRiot8
137,Drg. Ika Maryanti,Dokter Gigi,dental,WA (08xx),0882-1666-7808,"Jl. Sawahan, Lanmpungan, Ngawen, Kec. Ngawen, Kabupaten Blora, Jawa Tengah 58254",4.7,52,-7.0072,111.3136,https://www.google.com/maps/search/?api=1&query=Drg.+Ika+Maryanti&query_place_id=ChIJvaiuhOlHdy4RJvfxRIbmpSE
138,Ella Skincare Blora,Klinik Perawatan Kulit,aesthetic,tanpa nomor,"","Jl. G. Lawu No.12, Tempelan, Blora, Blora Regency, Central Java 58218",5.0,419,-6.9683,111.4178,https://www.google.com/maps/search/?api=1&query=Ella+Skincare+Blora&query_place_id=ChIJjY48EWlBdy4RzNLd6znV2_0
139,KLINIK PRATAMA JN,Klinik Medis,"",WA (08xx),0813-7311-7119,"Jl. RA. Kartini No.32, Kunden, Blora, Blora Regency, Central Java 58212",4.5,286,-6.9620,111.4132,https://www.google.com/maps/search/?api=1&query=KLINIK+PRATAMA+JN&query_place_id=ChIJW9GfBeVAdy4R-2-I6Dxi8e8
140,Klinik Sehat Selaras,Rumah Sakit,"",WA (08xx),0822-2104-7277,"Jl. Sumodarsono No.50, Mlangsen, Kec. Blora, Kabupaten Blora, Jawa Tengah 58214",5.0,895,-6.9761,111.4129,https://www.google.com/maps/search/?api=1&query=Klinik+Sehat+Selaras&query_place_id=ChIJo5v8dgBBdy4Ralxq4Y1qjb4
141,"dr. S. Jamil., Sp.Rad",Dokter,"",WA (08xx),0813-8446-2264,"Jepon, Kec. Jepon, Kabupaten Blora, Jawa Tengah 58261",4.6,16,-6.9745,111.4789,"https://www.google.com/maps/search/?api=1&query=dr.+S.+Jamil.,+Sp.Rad&query_place_id=ChIJXSZKX8drdy4RjqToKmVrupw"
142,"Klinik dr. Wayu Prihdadi, MM umum",Klinik Kesehatan,"",tanpa nomor,"","Jl. Beran No.21, Randublatung, Kec. Randublatung, Kabupaten Blora, Jawa Tengah 58382",5.0,4,-7.2048,111.3909,"https://www.google.com/maps/search/?api=1&query=Klinik+dr.+Wayu+Prihdadi,+MM+umum&query_place_id=ChIJy-ileaxfdy4Rbray33pCKKY"
143,Terminal Gagak Rimang Blora Tipe B,Layanan Transportasi,"",WA (08xx),0821-4019-1175,"2CHV+9Q6 Terminal Gagak Rimang Blora Tipe B, Jl. Jendral Sudirman, Alugoro, Bangkle, Kec. Blora, Kabupaten Blora, Jawa Tengah 58218",4.2,82,-6.9715,111.4443,https://www.google.com/maps/search/?api=1&query=Terminal+Gagak+Rimang+Blora+Tipe+B&query_place_id=ChIJo7pxDABBdy4RlUGxwK0-rVQ
144,Klinik Keperawatan Tanjung,Klinik Kesehatan,"",tanpa nomor,"","RF8X+PHX Klinik Keperawatan Tanjung, Tj. Timur, Tanjung, Kec. Kedungtuban, Kabupaten Blora, Jawa Tengah 58381",5.0,2,-7.1831,111.4990,https://www.google.com/maps/search/?api=1&query=Klinik+Keperawatan+Tanjung&query_place_id=ChIJ_____6Rgdy4RbrZQqnyv1XY
145,Praktik Mandiri dr ANANG BUDY SN,Dokter Umum,"",WA (08xx),0822-3588-2002,"Sawah, Beran, Kec. Blora, Kabupaten Blora, Jawa Tengah 58215",5.0,21,-6.9795,111.4209,https://www.google.com/maps/search/?api=1&query=Praktik+Mandiri+dr+ANANG+BUDY+SN&query_place_id=ChIJJxz-cclBdy4RPbn_CoQnP6U
146,"drg. Any Djuwita, M. Kes",Dokter Gigi,dental,WA (08xx),0812-2935-5736,"Jl. Kol. Sunandar No.15, Jetis, Kauman, Kec. Blora, Kabupaten Blora, Jawa Tengah 58214",3.0,2,-6.9726,111.4104,"https://www.google.com/maps/search/?api=1&query=drg.+Any+Djuwita,+M.+Kes&query_place_id=ChIJh_7vM1lBdy4RAAhbmrpHdjw"
147,Dinir official,Pusat Keluarga Berencana,"",WA (08xx),0858-9291-4559,"Dekat, Temengeng, Kec. Sambong, Kabupaten Blora, Jawa Tengah 58371",0.0,0,-7.0835,111.4998,https://www.google.com/maps/search/?api=1&query=Dinir+official&query_place_id=ChIJW-GDaPxpdy4Rl_RW4xBf14g
148,Pustu sempu,Klinik Medis,"",tanpa nomor,"","V6WX+CG2 Pustu sempu, Ngronggah, Sempu, Kec. Kunduran, Kabupaten Blora, Jawa Tengah 58255",0.0,0,-7.1040,111.2488,https://www.google.com/maps/search/?api=1&query=Pustu+sempu&query_place_id=ChIJ3VsfLQBRdy4RhYL4Y_C92fk
149,Klinik Femina Blora,Klinik Medis,"",WA (08xx),0822-6480-8808,"Jl. Kol. Sunandar No.11, Jetis, Blora, Blora Regency, Central Java 58214",5.0,764,-6.9726,111.4102,https://www.google.com/maps/search/?api=1&query=Klinik+Femina+Blora&query_place_id=ChIJS0hyFZVBdy4R5qnx8LWbuDM
150,Praktik Bidan Mandiri Sumi Novi A.md Keb,Klinik Medis,"",WA (08xx),0852-9055-2857,"4G35+GXP Praktik Bidan Mandiri Sumi Novi A.md Keb, Gn. Gundet, Jurangjero, Kec. Bogorejo, Kabupaten Blora, Jawa Tengah 58262",5.0,1,-6.8962,111.5100,https://www.google.com/maps/search/?api=1&query=Praktik+Bidan+Mandiri+Sumi+Novi+A.md+Keb&query_place_id=ChIJOWdQPgAVdy4R4wEtimA7_FY
151,Rehab Hati Qurani Blora,Klinik Medis,"",tanpa nomor,"","Komplek Masjid Darussalam, Jl. Japah Lorong 7, RT.01 / RW.01, Ngawen, Mbahenggot, Ngawen, Blora, Kabupaten Blora, Jawa Tengah 58254",5.0,2,-7.0004,111.3151,https://www.google.com/maps/search/?api=1&query=Rehab+Hati+Qurani+Blora&query_place_id=ChIJDRRSU2lGdy4Ra5hDegOBDCc
152,Klinik Bersalin Yuntari,Pusat Perawatan Ibu Hamil,"",tanpa nomor,"","M9JJ+J3F Klinik Bersalin Yuntari, Getas, Kacamatan Sub-District, Kabupaten Blora, Jawa Tengah 58383",5.0,1,-7.3184,111.3802,https://www.google.com/maps/search/?api=1&query=Klinik+Bersalin+Yuntari&query_place_id=ChIJr4_aE-zheS4R3GXnNamRj4w
153,klinik dr.Hari Kurniawan Sp.OG,Dokter Kandungan,"",WA (08xx),0812-3282-8648,"jln stm muhammadiyah kavling f1, Megal, Balun, Kec. Cepu, Kabupaten Blora, Jawa Tengah 58311",4.9,109,-7.1491,111.5829,https://www.google.com/maps/search/?api=1&query=klinik+dr.Hari+Kurniawan+Sp.OG&query_place_id=ChIJ9VuaTQBldy4RjLxmHf8TEEc
154,Arini Skincare Randublatung,Salon Kecantikan,aesthetic,WA (08xx),0857-1312-8931,"R94V+9VM Arini Skincare Randublatung, Wulung, Kec. Randublatung, Kabupaten Blora, Jawa Tengah 58382",4.9,82,-7.1940,111.3947,https://www.google.com/maps/search/?api=1&query=Arini+Skincare+Randublatung&query_place_id=ChIJaRT3HL9fdy4R31TIe56x2rs
155,RSUD dr. R. SOEPRAPTO CEPU,Rumah Sakit Pemerintah,"",landline,(0296) 421026,"Jl. Ronggolawe No.50, Megal, Balun, Kec. Cepu, Kabupaten Blora, Jawa Tengah 58311",4.7,1524,-7.1517,111.5851,https://www.google.com/maps/search/?api=1&query=RSUD+dr.+R.+SOEPRAPTO+CEPU&query_place_id=ChIJZd5WaYVldy4RrQziR6mB2xo
156,Bidan Ny.Wulan Aditya,Klinik Kesehatan Perempuan,"",landline,(0296) 532532,"2CJ6+72J Bidan Ny.Wulan Aditya, Kauman, Blora, Blora Regency, Central Java 58213",5.0,1,-6.9693,111.4100,https://www.google.com/maps/search/?api=1&query=Bidan+Ny.Wulan+Aditya&query_place_id=ChIJa-PVHuJAdy4RVbJCxZTSN80
157,INDICA:Konsultasi Dan Perawatan Luka,Klinik Medis,"",WA (08xx),0819-0113-6313,"W6XM+3W7 INDICA:Konsultasi Dan Perawatan Luka, Kunduran, Kec. Kunduran, Kabupaten Blora, Jawa Tengah 58255",4.0,1,-7.0523,111.2348,https://www.google.com/maps/search/?api=1&query=INDICA:Konsultasi+Dan+Perawatan+Luka&query_place_id=ChIJwyEmpP1Ody4RZhk2kCzXCSA
158,KLINIK PRATAMA,Klinik Medis,"",tanpa nomor,"","Bulansawahan, Balun, Kec. Cepu, Kabupaten Blora, Jawa Tengah",5.0,3,-7.1525,111.5841,https://www.google.com/maps/search/?api=1&query=KLINIK+PRATAMA&query_place_id=ChIJ0y0dQhBkdy4REb-LjFF8yiU
159,Balai Penyuluhan KB Kec. Kradenan Kab. Blora,Pusat Keluarga Berencana,"",tanpa nomor,"","Menden, Mendenrejo, Kacamatan Sub-District, Kabupaten Blora, Jawa Tengah 58383",5.0,4,-7.2467,111.4554,https://www.google.com/maps/search/?api=1&query=Balai+Penyuluhan+KB+Kec.+Kradenan+Kab.+Blora&query_place_id=ChIJF8v_B49fdy4R4pvWmadnIuI
160,Klinik Pratama PKU Muhammadiyah Ran,Klinik Kesehatan,"",WA (08xx),0822-2962-8773,"Jl. Beran No.7A, RT.7/RW.2, Randublatung, Kec. Randublatung, Kabupaten Blora, Jawa Tengah 58382",4.7,21,-7.2053,111.3902,https://www.google.com/maps/search/?api=1&query=Klinik+Pratama+PKU+Muhammadiyah+Ran&query_place_id=ChIJDZRXdgBfdy4RrX0GmMBLolY
161,INA FISIO CARE,Klinik Kesehatan,"",WA (08xx),0813-9394-3948,"Kedungbanteng Wetan, Wulung, Kec. Randublatung, Kabupaten Blora, Jawa Tengah 58382",5.0,57,-7.1852,111.3939,https://www.google.com/maps/search/?api=1&query=INA+FISIO+CARE&query_place_id=ChIJQTKykNZfdy4R19l_RW6dyCc
162,RSU Permata Blora,Rumah Sakit Umum,"",landline,(0296) 531624,"Jl. Reksodiputro Kel No.57, Jenar, Kedungjenar, Kec. Blora, Kabupaten Blora, Jawa Tengah 58217",4.6,1276,-6.9750,111.4183,https://www.google.com/maps/search/?api=1&query=RSU+Permata+Blora&query_place_id=ChIJe_0nfANBdy4R0CjDG6hrpN4
163,Klinik Obat Medical Farma Blora,Klinik Kesehatan Reproduksi,"",WA (08xx),0851-4383-3240,"Dekat Blora, Karang Jati, Karangjati, Kec. Blora, Kabupaten Blora, Jawa Tengah 58219",0.0,0,-6.9589,111.4254,https://www.google.com/maps/search/?api=1&query=Klinik+Obat+Medical+Farma+Blora&query_place_id=ChIJ2bg_WuFBdy4RGkDp8_RCiHM
164,Najmina Beauty Care,Ahli estetika,aesthetic,WA (08xx),0811-362-889,"Jl. Agil Kusumadya No.33A, Kunden, Kec. Blora, Kabupaten Blora, Jawa Tengah 58212",4.8,420,-6.9658,111.4113,https://www.google.com/maps/search/?api=1&query=Najmina+Beauty+Care&query_place_id=ChIJT0gOjeNAdy4R3mKmHJC1qPY
165,Dokter spesialis kulit dan kelamin (dr dwi Septiana. Sp.dv),Dokter,"",WA (08xx),0895-3961-92475,"Jl. Maluku No.14, Jetis, Kec. Blora, Kabupaten Blora, Jawa Tengah 58214",4.8,289,-6.9750,111.4110,https://www.google.com/maps/search/?api=1&query=Dokter+spesialis+kulit+dan+kelamin+(dr+dwi+Septiana.+Sp.dv)&query_place_id=ChIJkag5WERBdy4Rr8y2iEC8yR8
166,Klinik Mediska Cepu,Klinik Medis,"",tanpa nomor,"","58312, Jl. Diponegoro No.87, Kondangdoro, Balun, Kec. Cepu, Kabupaten Blora, Jawa Tengah 58112",5.0,4,-7.1544,111.5904,https://www.google.com/maps/search/?api=1&query=Klinik+Mediska+Cepu&query_place_id=ChIJMfJFjg1kdy4RSr0H99FiM5E
167,Klinik Pratama Medang Medical Care,Klinik Kesehatan,"",WA (08xx),0823-2868-6699,"Medang, Sendangharjo, Kec. Blora, Kabupaten Blora, Jawa Tengah 58219",4.9,115,-6.9146,111.4390,https://www.google.com/maps/search/?api=1&query=Klinik+Pratama+Medang+Medical+Care&query_place_id=ChIJZxfcAWs_dy4R3pigNE8xODU
168,Klinik Keperawatan Mandiri dan Griyo Sunat pak Eko,Klinik Medis,"",WA (08xx),0823-2830-8831,"Depan Polsek Sambong Pagar Besi Cat Hijau, Jl. Nasional Blora - Cepu No.KM 05, Kendilan, Gadu, Kec. Sambong, Kabupaten Blora, Jawa Tengah 58371",0.0,0,-7.1070,111.5638,https://www.google.com/maps/search/?api=1&query=Klinik+Keperawatan+Mandiri+dan+Griyo+Sunat+pak+Eko&query_place_id=ChIJz_3Z3_Bndy4RU6GH0nZLLlw
169,Klinik Keluarga Sehat,Klinik Kesehatan,"",WA (08xx),0821-2278-5098,"Jl. Nasional Blora - Cepu No.KM, RW.6, Watuberm, Pojokwatu, Kec. Sambong, Kabupaten Blora, Jawa Tengah 58371",3.9,7,-7.1094,111.5657,https://www.google.com/maps/search/?api=1&query=Klinik+Keluarga+Sehat&query_place_id=ChIJaXGmDZlndy4RxUfjk8kAACk
170,Klinik Utama Semen Gresik Tuban,Rumah Sakit,"",WA (08xx),0851-5775-1818,"Klinik Utama SG (Kompleks Perum Dinas PT. SG, Jl. Raya Bogorejo No.62351, Kuthi, Bogorejo, Kec. Merakurak, Kabupaten Tuban, Jawa Timur 62355",4.8,319,-6.8852,112.0124,https://www.google.com/maps/search/?api=1&query=Klinik+Utama+Semen+Gresik+Tuban&query_place_id=ChIJx2ndevaidy4R65ROjji6OKI
171,KLINIK TANJUNG MEDIKA,Klinik Gigi,dental,WA (08xx),0811-2656-553,"RT.04/RW.02, Sawah, Tanjung, Kec. Kedungtuban, Kabupaten Blora, Jawa Tengah 58381",5.0,3,-7.1818,111.4842,https://www.google.com/maps/search/?api=1&query=KLINIK+TANJUNG+MEDIKA&query_place_id=ChIJjaKMbvxhdy4RedeTKrAmPNc
172,Klinik Terminal Sunat,Klinik Medis,"",WA (08xx),0811-1122-252,"V5GX+MGP Klinik Terminal Sunat, Jl. Belakang Terminal, Panancangan, Kec. Cipocok Jaya, Kota Serang, Banten 42121",5.0,863,-6.1233,106.1988,https://www.google.com/maps/search/?api=1&query=Klinik+Terminal+Sunat&query_place_id=ChIJs7-HDH31QS4R3pRbf9m10QI
173,Klinik Bidan Yani Desa Pulo,Klinik Medis,"",WA (08xx),0822-2145-4066,"RF4W+RC5 Klinik Bidan Yani Desa Pulo, RT.03/RW.02, Pulo, Kec. Kedungtuban, Kabupaten Blora, Jawa Tengah 58381",5.0,1,-7.1929,111.4963,https://www.google.com/maps/search/?api=1&query=Klinik+Bidan+Yani+Desa+Pulo&query_place_id=ChIJXY3deQBhdy4RSzRQlbHny2A
174,Bidan Nguntani,Klinik Medis,"",tanpa nomor,"","X63G+6JJ Bidan Nguntani, Sambiroto, Kec. Kunduran, Kabupaten Blora, Jawa Tengah 58255",0.0,0,-7.0468,111.2267,https://www.google.com/maps/search/?api=1&query=Bidan+Nguntani&query_place_id=ChIJK3qKBgBPdy4Rj3snO6gRVok
175,Klinik Azzahra,Klinik Medis,"",WA (08xx),0852-0091-2345,"X8V7+R5M Klinik Azzahra, Ngawen, Blora Regency, Central Java 58254",4.3,22,-7.0054,111.3129,https://www.google.com/maps/search/?api=1&query=Klinik+Azzahra&query_place_id=ChIJ53boCnJGdy4R3fjYuF49u8Y
176,Klinik Permata Husada,Dinas Kesehatan,"",WA (08xx),0813-9307-7717,"",0.0,0,-7.0711,111.2570,https://www.google.com/maps/search/?api=1&query=Klinik+Permata+Husada&query_place_id=ChIJ0ZUUeyfy0EoRpE8H71eRbr0
177,RSUD SAMIN SUROSENTIKO RANDUBLATUNG,Rumah Sakit Pemerintah,"",WA (08xx),0821-3735-7379,"Q9XP+C58 RSUD SAMIN SUROSENTIKO RANDUBLATUNG, Randublatung, Kec. Randublatung, Kabupaten Blora, Jawa Tengah 58382",4.5,241,-7.2014,111.3857,https://www.google.com/maps/search/?api=1&query=RSUD+SAMIN+SUROSENTIKO+RANDUBLATUNG&query_place_id=ChIJyz7GagBfdy4R6a2g6jMzFyA
178,Kiara Healthcare Clinic,Klinik Medis,"",landline,(021) 8008828,"Apartment Signature Park Grande, Tower The Light, Unit CTA/GF-01, Jl. Letjen M.T. Haryono No.Kav. 20, RT.4/RW.1, Cawang, Kec. Kramat jati, Kota Jakarta Timur, Daerah Khusus Ibukota Jakarta 13630",4.9,204,-6.2447,106.8664,https://www.google.com/maps/search/?api=1&query=Kiara+Healthcare+Clinic&query_place_id=ChIJUYoMV4DzaS4R5YAsN2EOvYo
