name,specialty,org,city,province,phone,email,pic_name,doctor_count,bpjs_provider,rme_status,linkedin_url,instagram_url,facebook_url,tiktok_url,website,source
Klinik Pratama PMI Surakarta,Klinik Medis,,Surakarta,Jawa Tengah,082220627418,,,,,,,,,,,SahAIbat DOK - Mapping sync 2026-09-29
"Dr. S. Hendradewi, Sp THT, MSI",Ahli Otolaringologi,,Surakarta,Jawa Tengah,089618900025,,,,,,,,,,,SahAIbat DOK - Mapping sync 2026-09-29
"dokter Leonardo Trisnarizki, Sp.DV (Spesialis Kulit dan Kelamin)",Dermatolog,,Surakarta,Jawa Tengah,089633020222,,,,,,,,,,,SahAIbat DOK - Mapping sync 2026-09-29
Klinik Triyola,Klinik Medis,,Surakarta,Jawa Tengah,085141718008,,,,,,,,,,,SahAIbat DOK - Mapping sync 2026-09-29
Dokter Kandungan Solo (dr Yudhistya SpOG),Pusat bedah,,Surakarta,Jawa Tengah,082116000049,,,,,,,,,,,SahAIbat DOK - Mapping sync 2026-09-29
Klinik Rawat Inap Solo Peduli,Klinik Kesehatan,,Surakarta,Jawa Tengah,082211119605,,,,,,,,,,,SahAIbat DOK - Mapping sync 2026-09-29
Klinik Ngesti Husadajati,Klinik Medis,,Surakarta,Jawa Tengah,082323717510,,,,,,,,,,,SahAIbat DOK - Mapping sync 2026-09-29
"Klinik Nandini (Klinik Ibu, Anak dan Fertilitas Solo)",Klinik Kesehatan Reproduksi,,Surakarta,Jawa Tengah,081398861616,,,,,,,,,,,SahAIbat DOK - Mapping sync 2026-09-29
Unisa Surakarta Medical Unit,Klinik Medis,,Surakarta,Jawa Tengah,081319043045,,,,,,,,,,,SahAIbat DOK - Mapping sync 2026-09-29
Klinik Mediska Solobalapan,Klinik Kesehatan,,Surakarta,Jawa Tengah,082323866486,,,,,,,,,,,SahAIbat DOK - Mapping sync 2026-09-29
